MHC,AUC ROC,AUC0.1 ROC,PPV,Method
HLA-A02:02,0.97223,0.89331,0.821932,MHCFlurry
HLA-A02:02,0.95306,0.78371,0.670677,MixMHCpred
HLA-A02:02,0.97683,0.92027,0.866965,NetMHCpan4.0
HLA-A02:02,0.97901,0.92893,0.877277,NetMHCpan4.1
HLA-A02:05,0.93136,0.73435,0.646475,MHCFlurry
HLA-A02:05,0.92348,0.7716,0.714883,MixMHCpred
HLA-A02:05,0.94755,0.82165,0.758747,NetMHCpan4.0
HLA-A02:05,0.95407,0.84385,0.790601,NetMHCpan4.1
HLA-A02:06,0.97382,0.87844,0.776652,MHCFlurry
HLA-A02:06,0.96279,0.83832,0.752132,MixMHCpred
HLA-A02:06,0.97772,0.91076,0.823561,NetMHCpan4.0
HLA-A02:06,0.9818,0.92811,0.853945,NetMHCpan4.1
HLA-A02:11,0.96259,0.84271,0.750647,MHCFlurry
HLA-A02:11,0.9514,0.79034,0.70357,MixMHCpred
HLA-A02:11,0.9679,0.86278,0.79255,NetMHCpan4.0
HLA-A02:11,0.97159,0.88698,0.819452,NetMHCpan4.1
HLA-A11:01,0.94027,0.72686,0.69129,MHCFlurry
HLA-A11:01,0.90492,0.67736,0.668491,MixMHCpred
HLA-A11:01,0.94584,0.73478,0.705426,NetMHCpan4.0
HLA-A11:01,0.94832,0.74088,0.712266,NetMHCpan4.1
HLA-A23:01,0.87518,0.73918,0.754963,MHCFlurry
HLA-A23:01,0.87234,0.75087,0.769851,MixMHCpred
HLA-A23:01,0.90206,0.76418,0.775434,NetMHCpan4.0
HLA-A23:01,0.91122,0.76857,0.78536,NetMHCpan4.1
HLA-A25:01,0.92458,0.75396,0.720745,MHCFlurry
HLA-A25:01,0.91359,0.82971,0.829787,MixMHCpred
HLA-A25:01,0.93458,0.81271,0.776596,NetMHCpan4.0
HLA-A25:01,0.9401,0.84193,0.848404,NetMHCpan4.1
HLA-A26:01,0.92295,0.78452,0.785579,MHCFlurry
HLA-A26:01,0.90941,0.78955,0.802657,MixMHCpred
HLA-A26:01,0.92191,0.78411,0.774194,NetMHCpan4.0
HLA-A26:01,0.92645,0.7982,0.779886,NetMHCpan4.1
HLA-A30:01,0.91621,0.68387,0.639906,MHCFlurry
HLA-A30:01,0.92783,0.77703,0.744982,MixMHCpred
HLA-A30:01,0.94739,0.75987,0.70366,NetMHCpan4.0
HLA-A30:01,0.95024,0.79852,0.761511,NetMHCpan4.1
HLA-A30:02,0.92271,0.73351,0.727114,MHCFlurry
HLA-A30:02,0.91957,0.76431,0.73932,MixMHCpred
HLA-A30:02,0.95768,0.84885,0.853967,NetMHCpan4.0
HLA-A30:02,0.95888,0.85715,0.861813,NetMHCpan4.1
HLA-A32:01,0.94837,0.77324,0.686217,MHCFlurry
HLA-A32:01,0.96412,0.89348,0.865103,MixMHCpred
HLA-A32:01,0.96309,0.86507,0.792522,NetMHCpan4.0
HLA-A32:01,0.96539,0.89347,0.856305,NetMHCpan4.1
HLA-A33:01,0.96863,0.86308,0.799606,MHCFlurry
HLA-A33:01,0.94719,0.76296,0.664205,MixMHCpred
HLA-A33:01,0.98021,0.90243,0.833087,NetMHCpan4.0
HLA-A33:01,0.98329,0.91631,0.866076,NetMHCpan4.1
HLA-A66:01,0.92122,0.6123,0.521186,MHCFlurry
HLA-A66:01,0.96282,0.86559,0.819915,MixMHCpred
HLA-A66:01,0.97241,0.88277,0.8125,NetMHCpan4.0
HLA-A66:01,0.97628,0.90757,0.858051,NetMHCpan4.1
HLA-A68:01,0.89091,0.62818,0.63747,MHCFlurry
HLA-A68:01,0.88504,0.63819,0.639903,MixMHCpred
HLA-A68:01,0.90987,0.66087,0.659367,NetMHCpan4.0
HLA-A68:01,0.91468,0.66705,0.656934,NetMHCpan4.1
HLA-B07:02,0.87154,0.66245,0.682119,MHCFlurry
HLA-B07:02,0.88664,0.67742,0.688742,MixMHCpred
HLA-B07:02,0.89365,0.69697,0.728477,NetMHCpan4.0
HLA-B07:02,0.89074,0.70775,0.728477,NetMHCpan4.1
HLA-B08:01,0.94294,0.80447,0.748538,MHCFlurry
HLA-B08:01,0.9425,0.78314,0.719298,MixMHCpred
HLA-B08:01,0.94939,0.85318,0.807018,NetMHCpan4.0
HLA-B08:01,0.9512,0.87617,0.842105,NetMHCpan4.1
HLA-B14:02,0.94093,0.75681,0.66002,MHCFlurry
HLA-B14:02,0.95167,0.86708,0.819541,MixMHCpred
HLA-B14:02,0.95489,0.83094,0.755733,NetMHCpan4.0
HLA-B14:02,0.95985,0.87485,0.820538,NetMHCpan4.1
HLA-B15:01,0.91466,0.7531,0.7,MHCFlurry
HLA-B15:01,0.93231,0.81588,0.8,MixMHCpred
HLA-B15:01,0.93237,0.81378,0.778082,NetMHCpan4.0
HLA-B15:01,0.9342,0.82182,0.8,NetMHCpan4.1
HLA-B15:02,0.93939,0.75426,0.646281,MHCFlurry
HLA-B15:02,0.94969,0.84581,0.78843,MixMHCpred
HLA-B15:02,0.95157,0.86388,0.808264,NetMHCpan4.0
HLA-B15:02,0.95222,0.87012,0.82314,NetMHCpan4.1
HLA-B15:03,0.96589,0.82637,0.723989,MHCFlurry
HLA-B15:03,0.97478,0.92062,0.874933,MixMHCpred
HLA-B15:03,0.97772,0.92177,0.859838,NetMHCpan4.0
HLA-B15:03,0.97994,0.93566,0.892722,NetMHCpan4.1
HLA-B15:17,0.97445,0.90285,0.797663,MHCFlurry
HLA-B15:17,0.95899,0.79962,0.674662,MixMHCpred
HLA-B15:17,0.97551,0.91205,0.830873,NetMHCpan4.0
HLA-B15:17,0.97728,0.92691,0.849938,NetMHCpan4.1
HLA-B18:01,0.94976,0.85116,0.836022,MHCFlurry
HLA-B18:01,0.95347,0.84125,0.788978,MixMHCpred
HLA-B18:01,0.95888,0.85406,0.803763,NetMHCpan4.0
HLA-B18:01,0.96137,0.87678,0.861559,NetMHCpan4.1
HLA-B35:03,0.92252,0.7719,0.722045,MHCFlurry
HLA-B35:03,0.92519,0.80654,0.773163,MixMHCpred
HLA-B35:03,0.94617,0.85944,0.795527,NetMHCpan4.0
HLA-B35:03,0.94667,0.8646,0.811502,NetMHCpan4.1
HLA-B37:01,0.88558,0.69659,0.680672,MHCFlurry
HLA-B37:01,0.90158,0.78361,0.796639,MixMHCpred
HLA-B37:01,0.90822,0.7607,0.757143,NetMHCpan4.0
HLA-B37:01,0.91904,0.79084,0.802521,NetMHCpan4.1
HLA-B38:01,0.9239,0.75649,0.731293,MHCFlurry
HLA-B38:01,0.92895,0.81974,0.831633,MixMHCpred
HLA-B38:01,0.93241,0.80407,0.802721,NetMHCpan4.0
HLA-B38:01,0.93794,0.8287,0.835034,NetMHCpan4.1
HLA-B40:01,0.97643,0.90957,0.910299,MHCFlurry
HLA-B40:01,0.97688,0.92195,0.898671,MixMHCpred
HLA-B40:01,0.97709,0.91924,0.915282,NetMHCpan4.0
HLA-B40:01,0.97945,0.93016,0.922757,NetMHCpan4.1
HLA-B40:02,0.95664,0.85027,0.826224,MHCFlurry
HLA-B40:02,0.95277,0.87867,0.860979,MixMHCpred
HLA-B40:02,0.96314,0.875,0.85703,NetMHCpan4.0
HLA-B40:02,0.96535,0.88552,0.870458,NetMHCpan4.1
HLA-B45:01,0.9576,0.87612,0.819945,MHCFlurry
HLA-B45:01,0.96549,0.90184,0.860111,MixMHCpred
HLA-B45:01,0.96254,0.88351,0.84626,NetMHCpan4.0
HLA-B45:01,0.97007,0.90343,0.887812,NetMHCpan4.1
HLA-B46:01,0.91702,0.64361,0.565934,MHCFlurry
HLA-B46:01,0.9413,0.84021,0.798535,MixMHCpred
HLA-B46:01,0.94283,0.79544,0.708791,NetMHCpan4.0
HLA-B46:01,0.94891,0.83428,0.752747,NetMHCpan4.1
HLA-B53:01,0.97664,0.91458,0.852219,MHCFlurry
HLA-B53:01,0.97219,0.88534,0.814099,MixMHCpred
HLA-B53:01,0.98496,0.94164,0.903394,NetMHCpan4.0
HLA-B53:01,0.98584,0.94284,0.91436,NetMHCpan4.1
HLA-B58:01,0.94318,0.85128,0.829684,MHCFlurry
HLA-B58:01,0.91924,0.80607,0.793187,MixMHCpred
HLA-B58:01,0.95043,0.86018,0.8382,NetMHCpan4.0
HLA-B58:01,0.95137,0.85803,0.840633,NetMHCpan4.1
HLA-C03:03,0.78317,0.50781,0.522082,MHCFlurry
HLA-C03:03,0.73657,0.52154,0.540484,MixMHCpred
HLA-C03:03,0.79378,0.5128,0.524711,NetMHCpan4.0
HLA-C03:03,0.79428,0.52439,0.546267,NetMHCpan4.1
HLA-C05:01,0.91275,0.78429,0.77135,MHCFlurry
HLA-C05:01,0.91687,0.80977,0.796143,MixMHCpred
HLA-C05:01,0.90992,0.7818,0.757576,NetMHCpan4.0
HLA-C05:01,0.91935,0.80978,0.793388,NetMHCpan4.1
HLA-C07:02,0.95949,0.78355,0.651865,MHCFlurry
HLA-C07:02,0.96224,0.86701,0.786856,MixMHCpred
HLA-C07:02,0.96561,0.85339,0.751332,NetMHCpan4.0
HLA-C07:02,0.97106,0.88463,0.804618,NetMHCpan4.1
HLA-C08:02,0.96041,0.86046,0.803134,MHCFlurry
HLA-C08:02,0.96261,0.89107,0.852861,MixMHCpred
HLA-C08:02,0.96027,0.86507,0.802452,NetMHCpan4.0
HLA-C08:02,0.9657,0.8992,0.875341,NetMHCpan4.1
HLA-C12:03,0.96034,0.81126,0.676592,MHCFlurry
HLA-C12:03,0.95985,0.86407,0.794872,MixMHCpred
HLA-C12:03,0.96694,0.8483,0.733664,NetMHCpan4.0
HLA-C12:03,0.97126,0.87684,0.779156,NetMHCpan4.1
HLA-A02:02,0.9822086109046636,0.9628855612648768,0.8960798816568047,APPDFT
HLA-A02:05,0.9590475308102036,0.920319796623459,0.8922155688622755,APPDFT
HLA-A02:06,0.9851578852868772,0.9561384603767162,0.8537170263788969,APPDFT
HLA-A02:11,0.9778041078015052,0.9450478920464398,0.8592592592592593,APPDFT
HLA-A11:01,0.9427826999466116,0.8646005161709329,0.9281537176274018,APPDFT
HLA-A23:01,0.929770276706606,0.8854286181125587,0.95579133510168,APPDFT
HLA-A25:01,0.9497481965428068,0.9005946880267226,0.889763779527559,APPDFT
HLA-A26:01,0.946343098655329,0.8954597906229871,0.9263803680981596,APPDFT
HLA-A30:01,0.9426332767472502,0.8446221610690159,0.465633423180593,APPDFT
HLA-A30:02,0.9481301918450408,0.8984896179558357,0.8463528194516295,APPDFT
HLA-A32:01,0.9696571218988236,0.945523399549672,0.9648936170212766,APPDFT
HLA-A33:01,0.976854555098578,0.9314199350244752,0.6315073154134059,APPDFT
HLA-A66:01,0.9785779246518298,0.946774802735848,0.9233082706766916,APPDFT
HLA-A68:01,0.925492924612052,0.8259409242719027,0.7429467084639498,APPDFT
HLA-B07:02,0.9300975395912106,0.862717784103527,0.9240506329113924,APPDFT
HLA-B08:01,0.9732773212422056,0.938775048616692,0.948905109489051,APPDFT
HLA-B14:02,0.9656042740533723,0.9371186065230088,0.9752883031301482,APPDFT
HLA-B15:01,0.942906089036056,0.9083374309117164,0.9105545617173524,APPDFT
HLA-B15:02,0.9591217479304788,0.9261227533420224,0.9022869022869024,APPDFT
HLA-B15:03,0.9750355504084546,0.935873964496804,0.8396892655367232,APPDFT
HLA-B15:17,0.9792898978782968,0.9571890281336796,0.8648648648648649,APPDFT
HLA-B18:01,0.9691939427111844,0.9366350742757276,0.949389179755672,APPDFT
HLA-B35:03,0.9639883622396376,0.9228015273377532,0.9507389162561576,APPDFT
HLA-B37:01,0.9335764771576968,0.8812335289649329,0.8636363636363636,APPDFT
HLA-B38:01,0.9488196257021272,0.9058612819028689,0.8745019920318725,APPDFT
HLA-B40:01,0.9844569187843514,0.9651270940533956,0.9575645756457564,APPDFT
HLA-B40:02,0.9692840377707772,0.9435480839947544,0.9429460580912864,APPDFT
HLA-B45:01,0.9773654811888616,0.950685298164129,0.9508474576271186,APPDFT
HLA-B46:01,0.950437225194956,0.9163188622689128,0.9143730886850152,APPDFT
HLA-B53:01,0.9895794713633298,0.9726252805547,0.8821218074656189,APPDFT
HLA-B58:01,0.962749827401822,0.9319674624826066,0.9287790697674418,APPDFT
HLA-C03:03,0.7628629972738419,0.7535847141090698,0.9196556671449068,APPDFT
HLA-C05:01,0.9319104042829588,0.8974136912963036,0.9132075471698112,APPDFT
HLA-C07:02,0.9580797251332966,0.9171916277179436,0.9184210526315788,APPDFT
HLA-C08:02,0.9708121541111436,0.9477807523233154,0.9497757847533632,APPDFT
HLA-C12:03,0.9670586085743788,0.9205511667086612,0.9092331768388108,APPDFT
