peptide,HLA,label,score
ADTSEARPFW,HLA-B*44:02,0.0,0.49390649795532227
ADVLSPVLVK,HLA-A*03:01,0.0,0.3288232684135437
AELEEVSSY,HLA-B*44:02,0.0,0.7452126145362854
AELLAKQLY,HLA-B*44:02,0.0,0.8546029925346375
AEQQGACPGL,HLA-B*44:02,0.0,0.47860804200172424
AEVSVLYTV,HLA-B*44:02,0.0,0.464150995016098
AEYQDMHSY,HLA-B*44:02,1.0,0.880020022392273
AINRPTVLK,HLA-A*03:01,1.0,0.8084842562675476
AIRVRTFRA,HLA-B*08:01,0.0,0.16581717133522034
ALDHMFMYFL,HLA-A*02:01,1.0,0.28948551416397095
ALDKNLHQL,HLA-A*02:01,0.0,0.8530610203742981
ALFELRNISV,HLA-A*02:01,0.0,0.6860398054122925
ALGVYGGPYV,HLA-A*02:01,0.0,0.5102006793022156
ALHEEVVCV,HLA-A*02:01,0.0,0.8063015937805176
ALKCRVALSL,HLA-B*08:01,0.0,0.5366412401199341
ALKEIIPQCI,HLA-A*02:01,0.0,0.35725975036621094
ALLPPPPLAK,HLA-A*03:01,0.0,0.9148284792900085
ALPPTVYEV,HLA-A*02:01,1.0,0.7748287916183472
ALREHFQPQL,HLA-B*08:01,0.0,0.3115503787994385
ALSDGPIDAV,HLA-A*02:01,0.0,0.710300087928772
ALVNKRNAL,HLA-B*08:01,0.0,0.39120346307754517
ALVNQQFLCV,HLA-A*02:01,0.0,0.4656592309474945
ALWPLAYGV,HLA-A*02:01,0.0,0.6935736536979675
ALYFNSQWK,HLA-A*03:01,1.0,0.8052938580513
ALYKVEINK,HLA-A*03:01,0.0,0.8134475946426392
APFSKFSTF,HLA-B*08:01,0.0,0.8223430514335632
APKVEADESL,HLA-B*07:02,0.0,0.5895968675613403
ASFFGVHSK,HLA-A*03:01,0.0,0.8226307034492493
ASSFLKSFY,HLA-A*01:01,0.0,0.6357804536819458
ATAAARGPV,HLA-B*07:02,0.0,0.18215636909008026
ATFEEWFPQR,HLA-A*68:01,0.0,0.9269410967826843
ATLFSDSWYY,HLA-A*01:01,0.0,0.43476343154907227
ATNYIYVLNK,HLA-A*03:01,0.0,0.6337405443191528
ATRYNYTSEK,HLA-A*03:01,1.0,0.4242384433746338
AVLGSFSYV,HLA-A*02:01,0.0,0.5996553897857666
AVPGGGMPI,HLA-A*02:01,0.0,0.21464864909648895
AVRVLFPGIK,HLA-A*03:01,0.0,0.5628215074539185
AVYCACFVEL,HLA-A*02:01,0.0,0.17062023282051086
AWLLRKNFF,HLA-A*24:02,0.0,0.5181854963302612
AYGNNCDGI,HLA-A*24:02,0.0,0.18143878877162933
AYQKAPTKQF,HLA-A*24:02,0.0,0.6948736906051636
AYYFMVKVW,HLA-A*24:02,0.0,0.6050987243652344
CPLQCFQPRL,HLA-B*07:02,0.0,0.2962725758552551
CRLFPYALHK,HLA-A*03:01,0.0,0.3151838183403015
CTFCPPPLPK,HLA-A*68:01,0.0,0.6194256544113159
CVDWLIAVY,HLA-A*01:01,0.0,0.6881890296936035
CVIDAAVLLK,HLA-A*03:01,0.0,0.5326997637748718
DLLLRTAQL,HLA-B*08:01,0.0,0.925690770149231
DTDSRFISY,HLA-A*01:01,0.0,0.9018802642822266
DTIDVSKLNR,HLA-A*68:01,1.0,0.9220987558364868
EAIYETYTW,HLA-B*44:02,0.0,0.41178154945373535
EDNKHAPSSW,HLA-B*44:02,0.0,0.4772160053253174
EEFLDPSRPY,HLA-B*44:02,0.0,0.7175787091255188
EENSTGSLY,HLA-B*44:02,0.0,0.5923291444778442
EEQCLQWDL,HLA-B*44:02,0.0,0.2445671558380127
EEQCLQWDLY,HLA-B*44:02,0.0,0.4240668714046478
EEQEPVQQL,HLA-B*44:02,0.0,0.7366205453872681
EESSNNLTKF,HLA-B*44:02,0.0,0.7905215620994568
EEVKEVFQAL,HLA-B*44:02,0.0,0.5472180843353271
EEYYLFSGF,HLA-B*44:02,0.0,0.666014552116394
EIIPQCIAR,HLA-A*68:01,1.0,0.8499255180358887
EIRSRNNAL,HLA-B*08:01,0.0,0.8470587730407715
ELKEKTLNL,HLA-B*08:01,0.0,0.9021437764167786
ELKFYVNHL,HLA-B*08:01,0.0,0.6150415539741516
ELTQGYIYFY,HLA-A*01:01,0.0,0.25883162021636963
EMASVLFKA,HLA-A*02:01,0.0,0.36542966961860657
EPQRARSLTV,HLA-B*08:01,0.0,0.20387539267539978
ESEPYTFSY,HLA-A*01:01,0.0,0.8644159436225891
EVCAPVIKR,HLA-A*68:01,0.0,0.7822073698043823
EVKEVFQAL,HLA-B*08:01,0.0,0.7366458177566528
EYFRYLYHR,HLA-A*68:01,0.0,0.719824492931366
EYQDMHSYI,HLA-A*24:02,0.0,0.6357806921005249
FAASAVGSR,HLA-A*68:01,0.0,0.6855090260505676
FATCLGLFY,HLA-A*01:01,0.0,0.521835207939148
FHLAELCIEV,HLA-A*02:01,0.0,0.13794595003128052
FIAEQILATL,HLA-A*02:01,0.0,0.6439183950424194
FISGTFGLK,HLA-A*68:01,0.0,0.5603846907615662
FIWLATRRV,HLA-A*02:01,0.0,0.4074326157569885
FIYLFVTET,HLA-A*02:01,0.0,0.23771178722381592
FIYLFVTETK,HLA-A*03:01,0.0,0.3614906966686249
FLCNARVKV,HLA-A*02:01,0.0,0.5025651454925537
FLDEGFSGL,HLA-A*02:01,0.0,0.8356207609176636
FLDEGFSGLV,HLA-A*02:01,0.0,0.8000622987747192
FLDKFMEAV,HLA-A*02:01,0.0,0.7991343140602112
FLDPDLTNI,HLA-A*02:01,1.0,0.8410577774047852
FLFQEECWHL,HLA-A*02:01,0.0,0.6986536979675293
FLGSLLILV,HLA-A*02:01,1.0,0.6393855810165405
FLGSLLILVV,HLA-A*02:01,0.0,0.5975207090377808
FLLDETEVSV,HLA-A*02:01,0.0,0.8069270253181458
FLLWKATGV,HLA-A*02:01,0.0,0.7664562463760376
FLNCDIMLGV,HLA-A*02:01,1.0,0.6486752033233643
FLNDASACV,HLA-A*02:01,0.0,0.691996693611145
FLSEFAGTQL,HLA-A*02:01,0.0,0.6693589091300964
FLSELEASV,HLA-A*02:01,0.0,0.8054469227790833
FLTKLVHLV,HLA-A*02:01,0.0,0.8373228907585144
FLVESQLHL,HLA-A*02:01,0.0,0.841537356376648
FLWGSRAHA,HLA-A*02:01,0.0,0.7231118679046631
FMATYEINV,HLA-A*02:01,0.0,0.6734067797660828
FMKDGLTGA,HLA-A*02:01,0.0,0.44579362869262695
FNSVRKRMSV,HLA-B*08:01,0.0,0.14989247918128967
FPGIKAHPV,HLA-B*08:01,0.0,0.5369603037834167
FPRKPRPKL,HLA-B*08:01,0.0,0.5754905939102173
FPYCRAHVL,HLA-B*08:01,0.0,0.8737608790397644
FQLPILQPA,HLA-A*02:01,0.0,0.4492088258266449
FQLRTADWHL,HLA-A*02:01,0.0,0.2202783077955246
FRLLRYQPL,HLA-B*08:01,0.0,0.5811185836791992
FSAKAGPAR,HLA-A*68:01,0.0,0.6438021063804626
FSAVNSLIQR,HLA-A*68:01,0.0,0.577390193939209
FSDQAEVSVL,HLA-C*05:01,0.0,0.6809023022651672
FSDVGEVPY,HLA-A*01:01,0.0,0.7999409437179565
FSDYVQCFL,HLA-A*02:01,0.0,0.2234446257352829
FSSPTHSLY,HLA-A*01:01,0.0,0.8426435589790344
FSSPTHSLYV,HLA-A*01:01,0.0,0.34543704986572266
FTADQKVVY,HLA-A*01:01,0.0,0.6468992233276367
FTANPPSQTK,HLA-A*11:01,0.0,0.6383174657821655
FTDRERHCF,HLA-A*01:01,0.0,0.6155535578727722
FTNESYLELY,HLA-A*01:01,1.0,0.7540403008460999
FTQEDPQMVY,HLA-A*01:01,0.0,0.7074939608573914
FTSMSAVEF,HLA-C*05:01,0.0,0.1733720749616623
FVANLFNTYL,HLA-A*02:01,0.0,0.3826170861721039
FVFSKYCHR,HLA-A*68:01,0.0,0.892729640007019
FVFSKYCHRA,HLA-A*68:01,0.0,0.6837656497955322
FVLASLCLYV,HLA-A*02:01,0.0,0.46339812874794006
FVLEHEDGL,HLA-A*02:01,0.0,0.4449358582496643
FVRLQLTFEK,HLA-A*68:01,0.0,0.568906307220459
FYLGSAYHAA,HLA-A*02:01,0.0,0.07469478249549866
GAFMRPITLK,HLA-A*11:01,0.0,0.6006035208702087
GDTDSRFISY,HLA-A*01:01,0.0,0.46895068883895874
GEEVLLHAF,HLA-B*44:02,0.0,0.6677420735359192
GEIFAQRVSW,HLA-B*44:02,0.0,0.8851078748703003
GENGQNLVKW,HLA-B*44:02,0.0,0.9346674680709839
GEQPFISGTF,HLA-B*44:02,0.0,0.7692345976829529
GIKAHPVLK,HLA-A*03:01,0.0,0.5279489159584045
GLFEDTNLFA,HLA-A*02:01,0.0,0.6607314944267273
GLKDLLNPI,HLA-A*02:01,0.0,0.44510340690612793
GLLAAGLGR,HLA-A*03:01,0.0,0.3013736605644226
GLSEKCSLV,HLA-A*02:01,0.0,0.5590332746505737
GLSFHLQSSK,HLA-A*03:01,0.0,0.39796072244644165
GLSKYRPAI,HLA-A*02:01,0.0,0.4676544666290283
GLTFKDVTV,HLA-A*02:01,0.0,0.584324061870575
GLYGNLIVL,HLA-A*02:01,1.0,0.7266796827316284
GMLNTSVPNY,HLA-A*03:01,0.0,0.2422376126050949
GMLTNIWTV,HLA-A*02:01,0.0,0.7699793577194214
GPSPSSEAL,HLA-B*07:02,0.0,0.6418744921684265
GPVEEVRAL,HLA-B*07:02,0.0,0.680073618888855
GPVEEVRALL,HLA-B*07:02,0.0,0.5647818446159363
GQEGKYDLLV,HLA-A*02:01,0.0,0.20373639464378357
GQFGKVWMA,HLA-A*02:01,0.0,0.552383542060852
GSARALSLW,HLA-B*57:01,0.0,0.8270792961120605
GSNNLILIY,HLA-A*11:01,0.0,0.4061790406703949
GTDPLFMFA,HLA-A*01:01,0.0,0.5068483948707581
GVLPNYSEGK,HLA-A*11:01,0.0,0.5424920916557312
GVYTKEFLY,HLA-A*03:01,0.0,0.6991720795631409
HALDKARTR,HLA-A*68:01,0.0,0.6723443269729614
HALRRHYHL,HLA-B*08:01,1.0,0.6223152279853821
HEACNCGNTV,HLA-B*44:02,0.0,0.0649910643696785
HLFDIQGLPK,HLA-A*03:01,1.0,0.831004798412323
HLIGGIQVL,HLA-A*02:01,0.0,0.7064099311828613
HLMNIAIIA,HLA-A*02:01,0.0,0.36682263016700745
HMKAKLAML,HLA-B*08:01,0.0,0.882481575012207
HRDRLIGLMM,HLA-B*27:05,0.0,0.3892790675163269
HRIELDPSKF,HLA-B*27:05,0.0,0.8465032577514648
IAADGEFLY,HLA-A*01:01,0.0,0.6206473708152771
IENIWSPEG,HLA-B*44:02,0.0,0.13959279656410217
IENRYAVQDF,HLA-B*44:02,0.0,0.2950727939605713
IFLSELEASV,HLA-A*02:01,0.0,0.2072862833738327
IFSSPTHSLY,HLA-A*01:01,0.0,0.5148283243179321
IIVRNATFTW,HLA-B*57:01,0.0,0.5987734794616699
ILDTAGHEEY,HLA-A*01:01,1.0,0.8542935252189636
ILFRTPSVAK,HLA-A*03:01,1.0,0.7846144437789917
ILGYWIRTSK,HLA-A*03:01,0.0,0.44932666420936584
ILIYWNPFHR,HLA-A*11:01,0.0,0.18866395950317383
ILPFFYLGSA,HLA-A*02:01,0.0,0.3038428723812103
ILPGVFSKL,HLA-A*02:01,0.0,0.5336776971817017
ILTTRIHKL,HLA-B*08:01,0.0,0.5180416107177734
ILYHGNLVV,HLA-A*02:01,0.0,0.665974497795105
IMGQQPAPQV,HLA-A*02:01,0.0,0.37453117966651917
ISEYVSVRFY,HLA-A*01:01,0.0,0.6770617365837097
ISVATFLPY,HLA-A*01:01,0.0,0.3517104983329773
ITGALVLFMK,HLA-A*03:01,0.0,0.45481061935424805
ITNFYETAMR,HLA-A*68:01,0.0,0.6363091468811035
IVHHRIHTA,HLA-B*08:01,0.0,0.3847387731075287
IVRNATFTW,HLA-B*57:01,0.0,0.857150673866272
IVYPTPTPI,HLA-A*02:01,0.0,0.34139689803123474
IYANMFKKF,HLA-A*24:02,0.0,0.8106405138969421
KAPVGHFYK,HLA-A*03:01,0.0,0.36559855937957764
KAWENFPNV,HLA-A*02:01,1.0,0.7013319134712219
KEAADPLAFK,HLA-A*03:01,0.0,0.32251399755477905
KEEVKEVFQA,HLA-B*44:02,0.0,0.11480601876974106
KEIIPQCIA,HLA-B*44:02,0.0,0.11657404899597168
KIFLCNARV,HLA-A*02:01,0.0,0.2801274359226227
KIFLCNARVK,HLA-A*11:01,0.0,0.2424357831478119
KINRALTAAK,HLA-A*03:01,0.0,0.5477393865585327
KIVEMSTSK,HLA-A*03:01,1.0,0.45172086358070374
KIYTGEKPYK,HLA-A*03:01,1.0,0.8068597912788391
KLADFGLAC,HLA-A*02:01,0.0,0.3779875338077545
KLADFGLACA,HLA-A*02:01,0.0,0.5827063322067261
KLHVASLSFR,HLA-A*03:01,0.0,0.56960129737854
KLHVSVEAFV,HLA-A*02:01,0.0,0.30884402990341187
KLINSQINL,HLA-A*02:01,0.0,0.7122927904129028
KLKEHLGFAV,HLA-A*02:01,0.0,0.4573069214820862
KLKNKQQQL,HLA-B*08:01,0.0,0.6600812673568726
KLLEGQPVLL,HLA-A*02:01,0.0,0.8095365762710571
KLLNCPCPA,HLA-A*02:01,0.0,0.3793718218803406
KLLSEFFSC,HLA-A*02:01,0.0,0.6128345727920532
KLLSEFFSCL,HLA-A*02:01,0.0,0.48177701234817505
KLLSFHSVFT,HLA-A*02:01,0.0,0.30881351232528687
KLNPSQNVV,HLA-A*02:01,0.0,0.5988231897354126
KLPYSYNLCV,HLA-A*02:01,0.0,0.34647297859191895
KLRDEISLAK,HLA-A*03:01,1.0,0.8186222910881042
KLSFLVMII,HLA-A*02:01,0.0,0.45004433393478394
KLVVVGAAGV,HLA-A*02:01,0.0,0.499014288187027
KLYESFYGP,HLA-A*02:01,0.0,0.19560834765434265
KLYKCKVCDK,HLA-A*03:01,0.0,0.37207475304603577
KMFCAGYPK,HLA-A*03:01,0.0,0.6101476550102234
KMGKTIYKYV,HLA-A*02:01,0.0,0.33084025979042053
KMLDGLESL,HLA-A*02:01,0.0,0.6950703859329224
KPANHRGQL,HLA-B*07:02,0.0,0.737542986869812
KPMEAVTVAV,HLA-B*07:02,0.0,0.5371076464653015
KPRPKLHHSL,HLA-B*08:01,0.0,0.40608763694763184
KQLYRVFQK,HLA-A*11:01,0.0,0.6203607320785522
KRACCIPGR,HLA-B*27:05,0.0,0.45516306161880493
KRACCIPGRR,HLA-B*27:05,0.0,0.23266930878162384
KRCPGRFVY,HLA-B*27:05,0.0,0.6088366508483887
KRRPSGFFLF,HLA-B*27:05,0.0,0.7064140439033508
KSATRRPVWK,HLA-A*03:01,0.0,0.558230996131897
KSFKEIKLW,HLA-B*57:01,1.0,0.9077109098434448
KTDTGVHATL,HLA-C*05:01,1.0,0.731596052646637
KTIQTIVFL,HLA-A*02:01,0.0,0.5947350263595581
KTIYKYVHL,HLA-A*02:01,0.0,0.4934196472167969
KTLGIKLSF,HLA-B*57:01,0.0,0.8669074177742004
KTLGIKLSFL,HLA-A*02:01,0.0,0.4532410204410553
KTLMEVMSKI,HLA-A*02:01,0.0,0.2600570321083069
KTYACQQCGK,HLA-A*03:01,0.0,0.5354645252227783
KVWAVTEEV,HLA-A*02:01,0.0,0.6540916562080383
KVYDIAFSR,HLA-A*03:01,0.0,0.8532829284667969
LALPPTVYEV,HLA-A*02:01,0.0,0.48057451844215393
LDYVENLAKF,HLA-A*24:02,0.0,0.08896591514348984
LIIENRYAV,HLA-A*02:01,0.0,0.6029061079025269
LIYWNPFHR,HLA-A*11:01,0.0,0.5128961801528931
LLAAGLGRA,HLA-A*02:01,0.0,0.4130980372428894
LLAKQLYRV,HLA-A*02:01,0.0,0.7002338767051697
LLAPLIATL,HLA-A*02:01,0.0,0.7291138768196106
LLDEPSAHLY,HLA-A*01:01,0.0,0.9178226590156555
LLDNGTLTI,HLA-A*02:01,0.0,0.665393054485321
LLFGPSCAL,HLA-A*02:01,0.0,0.4774646759033203
LLFGVSALGK,HLA-A*03:01,0.0,0.6804407835006714
LLFKAGEMRK,HLA-A*03:01,0.0,0.476968377828598
LLFTDQHGL,HLA-A*02:01,0.0,0.6096211671829224
LLFTDQHGLV,HLA-A*02:01,0.0,0.5659120082855225
LLFYGAVIEV,HLA-A*02:01,0.0,0.5694161653518677
LLHSGVIGA,HLA-A*02:01,0.0,0.6078643798828125
LLHSGVIGAV,HLA-A*02:01,0.0,0.6270812749862671
LLKAGWQNLV,HLA-A*02:01,0.0,0.3217788338661194
LLLLPLSVA,HLA-A*02:01,0.0,0.4451843798160553
LLLNGLGLA,HLA-A*02:01,0.0,0.3829980194568634
LLLPGNNWKV,HLA-A*02:01,0.0,0.6356562376022339
LLLSSLGYL,HLA-A*02:01,0.0,0.54090416431427
LLNDASFISV,HLA-A*02:01,0.0,0.6400220990180969
LLPGNNWKV,HLA-A*02:01,0.0,0.6227867603302002
LLPPPPLAK,HLA-A*03:01,0.0,0.8789390325546265
LLQVCWLQSA,HLA-A*02:01,0.0,0.3973461389541626
LLRKNFFYF,HLA-B*08:01,0.0,0.2609848082065582
LLRMNQSQFI,HLA-A*02:01,0.0,0.12549494206905365
LLSEFFSCL,HLA-A*02:01,0.0,0.6285859942436218
LLSFHSVFT,HLA-A*02:01,0.0,0.2797492742538452
LLSLWVPQV,HLA-A*02:01,0.0,0.7560468316078186
LLSNELHRL,HLA-A*02:01,0.0,0.6661429405212402
LLYDHPLKV,HLA-A*02:01,0.0,0.8688855171203613
LLYEDVFPVW,HLA-A*24:02,0.0,0.1532479077577591
LMMHSATSA,HLA-A*02:01,0.0,0.5525283813476562
LMMHSATSAT,HLA-A*02:01,0.0,0.19999857246875763
LPGLILYTL,HLA-B*07:02,0.0,0.5783212184906006
LQDSGLWFPV,HLA-A*02:01,0.0,0.376284658908844
LQVCWLQSA,HLA-A*02:01,0.0,0.388337641954422
LRMNQSQFI,HLA-C*06:02,0.0,0.3944302201271057
LRMNQSQFIQ,HLA-C*06:02,0.0,0.03362255543470383
LRTADWHLY,HLA-B*27:05,0.0,0.6359103918075562
LRTADWHLYL,HLA-B*27:05,0.0,0.37995585799217224
LSDGPSMGRY,HLA-A*01:01,1.0,0.938205361366272
LSGSDNVLY,HLA-A*01:01,0.0,0.6024410128593445
LSLAGSDCFW,HLA-B*57:01,0.0,0.743722140789032
LSRMGQTVI,HLA-C*05:01,0.0,0.10124950110912323
LSVSDSHVYK,HLA-A*11:01,0.0,0.4405042231082916
LTEQYNEKY,HLA-A*01:01,0.0,0.861096978187561
LTQGYIYFY,HLA-A*01:01,0.0,0.5849761962890625
LTVDYATFY,HLA-A*01:01,0.0,0.5723837614059448
LVADVLSPV,HLA-A*02:01,0.0,0.5736104846000671
LVAVFRWAV,HLA-A*02:01,0.0,0.3546106815338135
LVDIVLNFY,HLA-A*01:01,0.0,0.8491422533988953
LVYQFKDMLK,HLA-A*03:01,0.0,0.5009385347366333
LYEDVFPVW,HLA-A*24:02,0.0,0.7620210647583008
MARAIRVRTF,HLA-B*08:01,0.0,0.132000133395195
MENIEVYNEF,HLA-B*44:02,0.0,0.52582848072052
MFYAVRWGRK,HLA-A*03:01,0.0,0.2632809281349182
MIRRRRPTL,HLA-B*08:01,0.0,0.5532333254814148
MKYPRLCIL,HLA-B*08:01,0.0,0.4037773013114929
MLDIIKAIY,HLA-A*01:01,0.0,0.7292057275772095
MLFARHLREV,HLA-A*02:01,0.0,0.4571743607521057
MLIILAGFL,HLA-A*02:01,0.0,0.2591191828250885
MLNTSVPNY,HLA-A*03:01,0.0,0.40187668800354004
MLNTSVPNY,HLA-A*03:01,0.0,0.40187668800354004
MLNTSVPNYM,HLA-A*02:01,0.0,0.31628674268722534
MLPSNYVEA,HLA-A*02:01,0.0,0.5172737240791321
MLPSNYVEAI,HLA-A*02:01,0.0,0.30960726737976074
MLRELSSAF,HLA-B*08:01,0.0,0.5178634524345398
MLSSHIATK,HLA-A*11:01,0.0,0.5600234270095825
MLVSTMPVV,HLA-A*02:01,0.0,0.5757801532745361
MPKMGKTIYK,HLA-A*68:01,0.0,0.41383782029151917
NILGFTFDI,HLA-A*02:01,0.0,0.4293229579925537
NLFKRLMIV,HLA-B*08:01,0.0,0.7383413314819336
NLFLFIDKL,HLA-A*02:01,0.0,0.6099006533622742
NLINEAMDV,HLA-A*02:01,0.0,0.3708289861679077
NLWPVPHGLK,HLA-A*11:01,0.0,0.548869252204895
NRYAVQDFL,HLA-B*27:05,0.0,0.6480914354324341
NRYAVQDFLH,HLA-B*27:05,0.0,0.4342668950557709
NSLLLLPLSV,HLA-A*02:01,0.0,0.36852559447288513
NSVRKRMSV,HLA-B*08:01,0.0,0.5528272390365601
PSAEVEMTFY,HLA-A*01:01,0.0,0.520605206489563
PWQASLFHL,HLA-A*24:02,0.0,0.6398059725761414
PYLPSPCPP,HLA-A*24:02,0.0,0.06202543526887894
QEAWTAAAM,HLA-B*44:02,0.0,0.4355400502681732
QEAWTAAAMY,HLA-B*44:02,0.0,0.632076621055603
QFSAKAGPAR,HLA-A*68:01,0.0,0.4662262797355652
QLDVSRLWY,HLA-A*01:01,0.0,0.8466256260871887
QLFMATYEI,HLA-A*02:01,0.0,0.4456571936607361
QLKEHWNHL,HLA-B*08:01,0.0,0.77194744348526
QLKMKKLSA,HLA-B*08:01,0.0,0.7622517347335815
QLLKFIPSL,HLA-A*02:01,0.0,0.8337305188179016
QLSSVRCYV,HLA-A*02:01,0.0,0.5741289854049683
QLVMVLVGGL,HLA-A*02:01,0.0,0.3000943958759308
QPWQASLFHL,HLA-A*24:02,0.0,0.17194193601608276
QSIWSRLQK,HLA-A*68:01,0.0,0.329318106174469
RCVDWLIAVY,HLA-A*01:01,0.0,0.2839096188545227
REEQCLQWDL,HLA-B*44:02,0.0,0.1922270506620407
REMLKRQERF,HLA-B*44:02,0.0,0.43759584426879883
REYLYVYKI,HLA-B*44:02,0.0,0.5829031467437744
RGPVEEVRAL,HLA-B*07:02,0.0,0.0931212306022644
RGRMQTASL,HLA-B*07:02,1.0,0.42661818861961365
RHSPAPFSKF,HLA-A*24:02,0.0,0.4799983501434326
RIALWPLAY,HLA-A*03:01,0.0,0.7668055295944214
RIHTSVKLY,HLA-A*03:01,0.0,0.5945194363594055
RIPRTVGQK,HLA-A*03:01,0.0,0.5025666952133179
RISASCATR,HLA-A*11:01,0.0,0.317552387714386
RKSNRVKTCK,HLA-A*03:01,0.0,0.07697883248329163
RLCLYCGYPV,HLA-A*02:01,0.0,0.2788953483104706
RLDGFFKNAV,HLA-A*02:01,0.0,0.42974328994750977
RLFPYALHK,HLA-A*03:01,1.0,0.9078724980354309
RLFPYALHKW,HLA-A*03:01,0.0,0.6500939130783081
RLFSALNSHK,HLA-A*03:01,0.0,0.8353449702262878
RLIGLMMTA,HLA-A*02:01,0.0,0.5020689368247986
RLKQEKAFSL,HLA-B*08:01,0.0,0.40255776047706604
RLLRGYDQV,HLA-A*02:01,0.0,0.39080530405044556
RLLRPIYDY,HLA-A*11:01,0.0,0.14832773804664612
RLLRPIYDYL,HLA-A*02:01,0.0,0.4648650288581848
RLMDSAQVA,HLA-A*02:01,0.0,0.44986289739608765
RLMGINSTA,HLA-A*02:01,0.0,0.5812240839004517
RLMGINSTAA,HLA-A*02:01,0.0,0.4344150424003601
RLPGLILYTL,HLA-A*02:01,0.0,0.4398825764656067
RLSEVMARM,HLA-A*02:01,0.0,0.47210893034935
RLVLQLLEL,HLA-A*02:01,0.0,0.6269693374633789
RMFLRFQKK,HLA-A*03:01,0.0,0.7372048497200012
RMGQTVIAV,HLA-A*02:01,0.0,0.5400310158729553
RMPKLLKSLF,HLA-A*24:02,0.0,0.32210028171539307
RPRRVEIVAL,HLA-B*07:02,0.0,0.8045646548271179
RPTYEEGFL,HLA-B*07:02,0.0,0.3430069088935852
RPVGGRPGW,HLA-B*07:02,0.0,0.47723621129989624
RPVWKLVKV,HLA-B*07:02,0.0,0.5902422666549683
RRHIEIRDK,HLA-B*27:05,0.0,0.5142946243286133
RRPSGFFLF,HLA-B*27:05,0.0,0.7826613187789917
RRQSMTVKR,HLA-B*27:05,0.0,0.6028522253036499
RRQSMTVKRE,HLA-B*27:05,0.0,0.17237994074821472
RRSMLFARH,HLA-B*27:05,1.0,0.42761215567588806
RRSMLFARHL,HLA-B*27:05,0.0,0.45931941270828247
RSAQKMFTY,HLA-A*01:01,0.0,0.6450134515762329
RSFSEVFLV,HLA-A*02:01,0.0,0.23619528114795685
RSMLFARHLR,HLA-A*11:01,0.0,0.18261124193668365
RTADWHLYL,HLA-A*02:01,0.0,0.6458224058151245
RTDKVRALW,HLA-B*57:01,0.0,0.8849055171012878
RTGKGQPCNK,HLA-A*03:01,0.0,0.5134354829788208
RTKYDFTWFK,HLA-A*03:01,0.0,0.591163694858551
RTREFTAKK,HLA-A*03:01,1.0,0.5508729219436646
RVDFSATWYK,HLA-A*03:01,0.0,0.45628470182418823
RVVSGAYYF,HLA-A*24:02,0.0,0.4156177043914795
RVWDVSGLRK,HLA-A*03:01,0.0,0.8045288920402527
RVYDALNLL,HLA-A*02:01,1.0,0.4583095610141754
SAFLQLTAK,HLA-A*68:01,0.0,0.6886990666389465
SALANPIGK,HLA-A*11:01,0.0,0.7180906534194946
SEGKLPYSY,HLA-B*44:02,0.0,0.757464587688446
SEQMDVAFQV,HLA-A*02:01,0.0,0.08442292362451553
SERVLTEIF,HLA-B*44:02,0.0,0.44319480657577515
SESSTIQEV,HLA-B*44:02,0.0,0.5347950458526611
SEVAVSVLSA,HLA-B*44:02,0.0,0.3156307339668274
SIRDHPQAL,HLA-B*08:01,0.0,0.7039492130279541
SKLKNKQQQL,HLA-B*08:01,0.0,0.15670713782310486
SLCKSILLFL,HLA-A*02:01,0.0,0.5427458882331848
SLCLYVVVGV,HLA-A*02:01,0.0,0.45125579833984375
SLFHLTRLF,HLA-A*24:02,0.0,0.15494294464588165
SLHAHGLSYK,HLA-A*03:01,0.0,0.7251026034355164
SLHDLTDGV,HLA-A*02:01,0.0,0.5590502023696899
SLHPSAPFL,HLA-A*02:01,0.0,0.7217201590538025
SLINSTVIV,HLA-A*02:01,0.0,0.47838085889816284
SLLAARQLL,HLA-A*02:01,0.0,0.5147667527198792
SLLLLPLSV,HLA-A*02:01,0.0,0.5714374780654907
SLLLLPLSVA,HLA-A*02:01,0.0,0.380228191614151
SLSEARQDV,HLA-A*02:01,0.0,0.470742404460907
SLSNFPQLK,HLA-A*03:01,0.0,0.7746210694313049
SLSSDFNPL,HLA-A*02:01,0.0,0.5013338327407837
SLSSDFNPLV,HLA-A*02:01,0.0,0.512925922870636
SLVPCLPEFF,HLA-A*24:02,0.0,0.4123552739620209
SLYELEKEFL,HLA-A*02:01,0.0,0.6920880079269409
SLYLNTTVL,HLA-A*02:01,0.0,0.6037195324897766
SMLFARHLR,HLA-A*11:01,0.0,0.3465779721736908
SPLCNFNIIK,HLA-A*11:01,0.0,0.2162962257862091
SPLHRHNVF,HLA-B*08:01,0.0,0.5041589736938477
SPWKDGDEL,HLA-B*07:02,0.0,0.48984774947166443
SQNQHENDI,HLA-B*27:05,0.0,0.05158894509077072
SQPPAGSEV,HLA-A*02:01,0.0,0.4411255717277527
SQPWQASLF,HLA-A*24:02,0.0,0.4304722249507904
SQYCRPISTK,HLA-A*11:01,0.0,0.6474753618240356
SRMGQTVIAV,HLA-B*27:05,0.0,0.4721132218837738
SSAFLQLTAK,HLA-A*68:01,0.0,0.5619477033615112
SSDCSAWYM,HLA-A*01:01,0.0,0.6015763878822327
SSWHTPTLQK,HLA-A*11:01,0.0,0.7266995906829834
STLFRVVVAK,HLA-A*03:01,0.0,0.6897356510162354
SVEAFVCHRK,HLA-A*03:01,0.0,0.31233882904052734
SVFTSVRRK,HLA-A*03:01,0.0,0.721422553062439
SVGHQLFHR,HLA-A*68:01,0.0,0.9201194643974304
SVLSALFSI,HLA-A*02:01,0.0,0.6050410270690918
SVSDSHVYK,HLA-A*11:01,0.0,0.8850523829460144
SVSDSHVYKY,HLA-A*11:01,0.0,0.6370863318443298
SVTFNGQVFK,HLA-A*11:01,0.0,0.6826514005661011
TADWHLYLF,HLA-C*05:01,0.0,0.8156864047050476
TDTGVHATLK,HLA-A*11:01,0.0,0.2203948199748993
TIITQLSSV,HLA-A*02:01,0.0,0.6979892253875732
TILGEFQYFK,HLA-A*68:01,0.0,0.638701319694519
TLFHDLWKL,HLA-A*02:01,0.0,0.8330303430557251
TLFRVVVAK,HLA-A*03:01,0.0,0.7761039733886719
TLGIKLSFLV,HLA-A*02:01,0.0,0.28642013669013977
TLMEVMSKI,HLA-A*02:01,0.0,0.7824026346206665
TLWEQFLEK,HLA-A*03:01,0.0,0.7862613797187805
TLYLRNNQLV,HLA-A*02:01,0.0,0.35503068566322327
TMMCVSRNEL,HLA-A*02:01,0.0,0.2754504382610321
TNFYETAMR,HLA-A*68:01,0.0,0.6033385992050171
TQCKWQFVAK,HLA-A*11:01,0.0,0.48462042212486267
TSARTENFK,HLA-A*03:01,0.0,0.15341639518737793
TVIAVASSMR,HLA-A*11:01,0.0,0.3892658054828644
TVWDFTLEL,HLA-A*02:01,0.0,0.7215594053268433
VALVNKRNAL,HLA-B*08:01,0.0,0.19441623985767365
VEHINISQDW,HLA-B*44:02,1.0,0.8170196413993835
VEKSELWMY,HLA-B*44:02,0.0,0.5699822902679443
VFIQTRGGTF,HLA-A*24:02,0.0,0.6381629705429077
VFPVWEVIW,HLA-A*24:02,0.0,0.6821794509887695
VIAVASSMR,HLA-A*11:01,0.0,0.2132788598537445
VIDAAVLLK,HLA-A*03:01,0.0,0.5055160522460938
VLASLCLYV,HLA-A*02:01,0.0,0.6065084338188171
VLASLCLYVV,HLA-A*02:01,0.0,0.597831130027771
VLFDRLSKL,HLA-A*02:01,0.0,0.754817008972168
VLFDRLSKLA,HLA-A*02:01,0.0,0.48004063963890076
VLFSNESSL,HLA-A*02:01,0.0,0.6005654335021973
VLLKAGWQNL,HLA-A*02:01,0.0,0.4332478642463684
VLLKAGWQNL,HLA-A*02:01,0.0,0.4332478642463684
VLLSVLIILL,HLA-A*02:01,0.0,0.34162357449531555
VLMMHSATSA,HLA-A*02:01,0.0,0.4093100428581238
VLNFYTTFV,HLA-A*02:01,0.0,0.614517092704773
VLSALFSIT,HLA-A*02:01,0.0,0.21599073708057404
VLVADVLSPV,HLA-A*02:01,0.0,0.46737346053123474
VLWISAFMV,HLA-A*02:01,0.0,0.5543639063835144
VPTLGRGGW,HLA-B*07:02,0.0,0.27816900610923767
VQDPNDRLL,HLA-C*05:01,0.0,0.8923979997634888
VRINTARPV,HLA-C*06:02,1.0,0.2948859632015228
VRRKSRRRM,HLA-C*06:02,0.0,0.17359134554862976
VSCRSVWEY,HLA-A*01:01,0.0,0.6703823804855347
VSDSHVYKY,HLA-C*05:01,0.0,0.5832436680793762
VSEGGCFCY,HLA-A*01:01,0.0,0.7687827944755554
VSFVRINSL,HLA-B*08:01,0.0,0.7352685928344727
VSVLSALFSI,HLA-A*02:01,0.0,0.11766870319843292
VTFNGQVFK,HLA-A*11:01,0.0,0.8388816714286804
VVGAAGVGK,HLA-A*11:01,0.0,0.4579903185367584
VVVGAAGVGK,HLA-A*11:01,0.0,0.4422065317630768
VYCEEYYLF,HLA-A*24:02,1.0,0.7192791104316711
VYCEEYYLFS,HLA-A*24:02,0.0,0.3325279951095581
VYPFYRFRLI,HLA-A*24:02,0.0,0.6007020473480225
WGKLHVASL,HLA-B*08:01,0.0,0.903496265411377
WLVDFFSPWC,HLA-A*02:01,0.0,0.20402991771697998
WQLDALDFLV,HLA-A*02:01,0.0,0.20043298602104187
WSDIMFEHFY,HLA-A*01:01,0.0,0.8387645483016968
WSFPYEFLY,HLA-A*01:01,0.0,0.6764599084854126
YAVQDFLHEI,HLA-A*02:01,0.0,0.18442264199256897
YGYSRVNPM,HLA-B*08:01,0.0,0.6123594045639038
YILDRESPL,HLA-A*02:01,0.0,0.5936986804008484
YITKRIIAV,HLA-A*02:01,0.0,0.6354581713676453
YIYNPSLAL,HLA-A*02:01,0.0,0.6476594805717468
YLAVDALEL,HLA-A*02:01,0.0,0.6653755903244019
YLDVFVHAI,HLA-A*02:01,0.0,0.7908966541290283
YLFIKDNEI,HLA-A*02:01,0.0,0.5549250245094299
YLIIENRYA,HLA-A*02:01,0.0,0.4904821813106537
YLIIENRYAV,HLA-A*02:01,0.0,0.495036780834198
YLLIHGTAV,HLA-A*02:01,0.0,0.6369653940200806
YLLLRNLSI,HLA-B*08:01,0.0,0.8920742273330688
YLLNDASPI,HLA-A*02:01,0.0,0.4721778929233551
YLLQKLSCL,HLA-A*02:01,0.0,0.7681791186332703
YLNEAVFNF,HLA-A*02:01,0.0,0.6325713396072388
YLNEAVFNFV,HLA-A*02:01,1.0,0.6655500531196594
YLWAAQAEK,HLA-A*03:01,0.0,0.49432238936424255
YLYCYGYWKK,HLA-A*03:01,0.0,0.4007391333580017
YLYHRVDVI,HLA-A*02:01,1.0,0.6305485963821411
YLYVYKIVSQ,HLA-A*02:01,0.0,0.16481836140155792
YMPGVGDFA,HLA-A*02:01,0.0,0.273235559463501
YMPGVGDFAV,HLA-A*02:01,0.0,0.4140762388706207
YMWRWKQFL,HLA-A*02:01,0.0,0.6146162748336792
YPRYRLEPM,HLA-B*08:01,0.0,0.8145535588264465
YQANVVWKV,HLA-A*02:01,1.0,0.7880878448486328
YQSPDLSKV,HLA-A*02:01,0.0,0.7508845329284668
YRHVHLRSF,HLA-B*27:05,0.0,0.6026672124862671
YSNFISHLAK,HLA-A*11:01,0.0,0.40538620948791504
YTAEKKSLSE,HLA-A*01:01,0.0,0.15667475759983063
YTDKSEHATY,HLA-A*01:01,0.0,0.9133881330490112
YTWEQMGLR,HLA-A*68:01,0.0,0.8183621168136597
YVKSLSRVM,HLA-B*08:01,0.0,0.4269079566001892
YVQCFLAFT,HLA-A*02:01,0.0,0.21720854938030243
YVYKIVSQL,HLA-A*02:01,0.0,0.6219844222068787
